subreddit,Date,User,Content,Comments
nba,2024-10-17 17:38:24,LifterPuller,KAT was locked in on T-Wolves preseason game during Billie Eilish concert at MSG ü•≤üíô,
nba,2024-10-17 17:25:59,matzan,[Highlight] Halle Berry being mesmerized by Kobe Bryant,"**Replays/alternate angles**


*I am a bot, and this action was performed automatically. Please [contact the moderators of this subreddit](/message/compose/?to=/r/nba) if you have any questions or concerns.* || She just like a lot of yall || Unfortunately for her his number 1 biggest turnoff was a woman who is into him. || Imagine being an NBA player and getting ""that"" look from different Halle Berry-caliber women every single day of the week. No wonder guys like Ant are ""shooting up the club."" || Lol I used to date her"
nba,2024-10-17 17:22:56,bostonglobe,"Jaylen Brown, and Jrue and Lauren Holiday just gave 10 small business owners $100,000 apiece.","From¬†[Globe.com](http://globe.com/)

By Shirley Leung

Jaylen Brown and Jrue Holiday weren‚Äôt in Celtics uniform Wednesday night, but they worked as teammates on something bigger than basketball: closing the racial wealth gap in Boston.

Brown and Holiday, joined by his wife Lauren Holiday, held court at Grace by Nia jazz club in the Seaport District, where they met the 10 Boston-area entrepreneurs who are part of an¬†[accelerator program](https://bxchange.org/apply/)¬†Brown and the Holidays launched this month.

Each entrepreneur will receive up to $100,000 in grant funding over the next three years as well as access to mentors and services from partner institutions including Massachusetts Institute of Technology, Harvard Business School, and Roxbury Community College.

The accelerator is the first program to come out of Brown‚Äôs¬†[Boston XChange (BXC)](https://bxchange.org/), a nonprofit initiative the Celtics star unveiled in August to help create $5 billion in generational wealth in Boston‚Äôs communities of color.¬†[BXC grew out of Brown‚Äôs comments last year](https://www.bostonglobe.com/2023/07/29/sports/sunday-basketball-notes/?p1=Article_Inline_Text_Link)¬†after inking a then-record $304 million NBA contract extension and how he wanted to use some of the money to create a ‚ÄúBlack Wall Street‚Äù in Boston.

‚ÄúSports has its way of bringing everybody together, especially here in Boston,‚Äù Brown told the group. ‚ÄúWe know you love your sports ... but I think there‚Äôs championships to be won outside of the game of basketball as well.‚Äù

Brown partnered with the Holidays‚Äô¬†[JLH Social Impact Fund](https://www.jlhfund.org/), created in 2020 after the murder of George Floyd to support founders of color nationwide. To date, the fund has doled out about $5 million in grants¬†to¬†over 200 businesses and nonprofits.

‚ÄúThis is my favorite part, where we can come in and we can see people talking about their dreams,‚Äù said Jrue Holiday.

Lauren Holiday, who was a longtime member of the US Women‚Äôs National soccer team, said she wants to get to know the founders and be part of their journeys. ‚ÄúFor us, it‚Äôs so much more than just writing a check,‚Äù she said. ‚ÄúIt‚Äôs actually being involved.‚Äù

Renee King, program lead for the JLH fund who was part of the accelerator‚Äôs selection process, emphasized the importance of collaboration in tackling something as challenging as racial wealth disparities.

‚ÄúIt can‚Äôt be centered around one person, one platform, one thing,‚Äù she said. ‚ÄúIt needs to be an entire village organized.‚Äù

While Boston is awash in accelerators and incubators, especially for tech and life science startups, there‚Äôs not much support for the creative economy. That‚Äôs what Brown and the Holidays decided to focus on ‚Äî think design, entertainment, fashion, media, and culinary arts.

Applications were due in August, with the majority coming from Black founders and many from Dorchester, according to Yscaira Jimenez, a serial entrepreneur and MIT lecturer who helped design the accelerator and was part of the selection process.

‚ÄúThe most exciting kind of statistic is the diversity of the creator types,‚Äù Jimenez said. ‚ÄúWe had... technology and retail ... we had advocacy, visual arts. We had just people from all over ‚Äî music, culinary.‚Äù || stupid sexy Celtics why won't you let me hate you"
nba,2024-10-17 17:20:19,mr_shmits,The Worm Whisperer,"""Don't foul."" || ""We lose this game, we're staying in Salt Lake for two more nights. We get one more stop, we can go to a real city with real clubs [pats cheek] and party TONIGHT."" || ü§£ü§£ü§£ü§£ü§£ Why are Jordan fans so fucking weird mate? Just speak normally lad."
nba,2024-10-17 17:15:37,SpeedAdvantage_2627,[HYPOTHETICAL] Will The Boston Celtics Still Win If They Have SGA Instead of Jayson Tatum?,"The Boston starting 5 defense had no defensive liabilities. Now SGA isn't the defender that Tatum is. But he isn't someone you have to actively hide either. For as great as the Boston offense was, they do not have an initiator anywhere close to the level of Shai and his offense far exceeds the additional defensive flexibility you get from Tatum.

I would actually argue that Tatum's rebounding would be missed more than his defensive versatility. || They lose someone at pf then you have to pick and choose who you want off the bench white or Jrue || Nah they need Tatum's versatility on defense.. it'd be tough to replace Tatum with another guard since they already have jrue and d white || If they had any top 15 player they‚Äôd still win || I think anyone that says yes is discounting how much JTs versatility aids everything Boston does. You‚Äôre replacing JT with a guy that can only do 2 of the things he can do at a comparable level. 

I don‚Äôt think you can confidently say they‚Äôd get past whoever comes out the west."
nba,2024-10-17 17:12:13,Johan_Sebastian_Cock,"Ben Taylor (""Thinking Basketball"") highlights how the 2004 Detroit Pistons used good scouting and defensive adjustments to beat four Hall of Famers, and one Derek Fisher.","**Replays/alternate angles**


*I am a bot, and this action was performed automatically. Please [contact the moderators of this subreddit](/message/compose/?to=/r/nba) if you have any questions or concerns.* || ""What he say fuck me for?"" || Didn't this same pistons team not have a HOFer till Ben Wallace got inducted a couple years ago?

Shame on them it took them that long. || Not to take away from the Pistons, but that Lakers team never quite gelled and there was also the massive distraction of Kobe‚Äôs rape case. 

Malone and Payton were still decent but 40 and 35 years old respectively, and Malone only played about half the season, Kobe and Shaq both missed a number of games, and the entire team never quite made the triangle work with the new additions. 

It‚Äôs amazing looking back that they even made the Finals with that squad, it was very creaky. || Ben Taylor is so smug it grates on me"
nba,2024-10-17 17:06:36,baby_hooper,ELI5: Why is a ‚Äústep-through‚Äù not a travel?,"It's never been a travel. The rule has always been that, once you lift your pivot foot, you have to shoot or pass before bringing it back down. || it isn't traveling until the pivot foot that's picked up touches the floor again. otherwise any layup or jumpshot would be a travel. 

he establishes his right foot as his pivot when gathering. he is then allowed to pivot as much as he wants with that foot down. the ""step-through"" itself is just a legal pivot and then lifts his pivot and shoots before it comes down which is completely legal and always has been. || Because you‚Äôre allowed to jump after picking up your dribble || The issue and why you see it called as a travel sometimes is because the player either slides their pivot foot or they change their pivot foot. But if you pull a legal step through where you don‚Äôt slide your foot and shoot after picking up the pivot before you land it will not be a travel || You're allowed to jump in basketball. How does anyone complete a jump shot without lifting their pivot?"
nba,2024-10-17 17:02:50,Salt-Mycologist-2993,Can‚Äôt find player highlights ,
nba,2024-10-17 16:48:49,True_Initiative159,New Celtics Trivia Game,
nba,2024-10-17 16:44:53,Fit-Structure-9395,Pat Bev has been dominating overseas so much that he was drug tested 11 times,"Must be secret Israel army medical screenings. He probably don't wanna do too well on those tests lol || He got tested once, had 10 failures to too much dilution and just had to repeat it until they could actually read it || It‚Äôs always funny seeing social media talk so much about the skills/lack of skills of guys playing overseas meanwhile they donated their JV jersey to Goodwill a decade ago. || Wish I could permanently block this dude from all my feeds. Feels like I lose brain cells just by looking at him. || which nba team is overseas"
nba,2024-10-17 16:43:23,tangurama,Vince Carter shares a touching story about how Kobe Bryant helped him ease into retirement,
nba,2024-10-17 16:42:40,Fit-Structure-9395,"Bill Simmons on the Damian Lillard trade ‚ÄúMiami, and their whole little annoying media machine that they have, fucked up that Portland situation .‚Äô‚Äù","It felt like the tipping point where there was definitely a 0% chance Lillard would be dealt to Miami was when Dame‚Äôs agent was calling other teams telling them to stop submitting offers and that he wouldn‚Äôt report to them if traded there.

Whether or not Miami was in cahoots with Dame‚Äôs agent in that (they probably were), Portland felt like they were actively trying to take all agency away from the Blazers and forcing them to take the Miami offer for Lillard. And that would piss any front office off.

It is genuinely impressive that Portland got as good of an offer for Dame as they did, given how much Lillard and the Heat were trying to depress his value. || I'm sure the Miami media annoyed Cronin. 

But I think they were also probably annoyed by Lillard's agent calling up potential trade partners and telling them Dame won't play for them. || Does Bill Simmons hate Lebatard? Lol || Well it helped the Celtics out tremendously. Butterfly effect from that got them Jrue Holiday and made sure Miami didn‚Äôt get Dame || Realistically, Miami never had the assets to pull that trade off. You had Herro who, due to his contract, is a neutral asset and whole bag of nothing. When you compare that to the actual haul Portland got, you see how far away Miami really was.

So from Miami's standpoint whether or not they pissed Portland off was irrelevant, that trade was not happening unless they managed to scare other suitors off and be the only offer on the table. Good effort by Miami, I can see why they gave it a go."
nba,2024-10-17 16:22:34,Goosedukee,"ESPN reaches contract extensions for Kendrick Perkins, Tim Legler, Monica McNutt, and Chiney Ogwumike. Perkins and Legler will receive expanded roles on ESPN and ABC NBA coverage.","Kendrick Perkins is actually shitposting and yapping his way into millions of dollars post-retirement. Insane. || It‚Äôs wild that Perkins has managed to sustain a pretty lucrative media job considering his only real value was ‚ÄúI played with xxxx‚Äù.

Other than that he is just the guy that stirs the pot on the air and creates needless debates || espn is such a joke || How did they fire Lowe and extend Perkins.. || the law of equivalent exchange, Perkins is the price we must pay for more Legler"
nba,2024-10-17 16:11:35,Incepticons,[Haynes] Sources: Philadelphia first-round pick Jared McCain experienced pulmonary contusions from last night‚Äôs fall vs. Brooklyn. He‚Äôs been discharged from hospital and is home resting. Will be re-evaluated today for concussion but there‚Äôs optimism the rookie avoided a serious injury.,"Damn that sucks. Hope he recovers well that‚Äôs pretty scary || This kid can't catch a break 

Two notable injuries before the season's even started 

I don't care how y'all feel about Philly, that is rough || Must be pretty painful, Nuebeck just posted this is an injury that is common with car accidents and can keep people in the hospital for days. Wild it happened to him from a fall on the court, hope he has a fast recovery || Sixers please. Regular season hasn‚Äôt even started yet. || I love this guy's play and i hope he gets better soon"
nba,2024-10-17 16:02:04,JenNettles,Andre Drummond admits he would miss shots intentionally to get more rebounds,"he also said, or i think reggie jackson said he'd tell his teammates he'd fight them if they went after his board

edit: he said it on a podcast

‚ÄúI‚Äôve put my hands on my teammates before,‚Äù

‚ÄúIt doesn‚Äôt matter who. It was in Detroit, he‚Äôs actually one of my really close friends, too.

‚ÄúI punched him in the head,‚Äù

‚ÄúHe didn‚Äôt do it again. It happened more than once too. It was because of rebounds.

‚ÄúHe‚Äôs a rebounding player too, as a guard. He kept coming to take my rebounds, so I pulled him aside during a timeout and said, ‚ÄòYo bro, you don‚Äôt see me trying to go for 50 every night, don‚Äôt try to come in for rebounds.‚Äô‚Äù || It would go in when he tried to miss shots || Least favorite piston of all time idc what anybody tries to tell meüòÇ || That‚Äôs my fantasy basketball GOAT || This sounds like an excuse to just being bad at scoring. ""I totally meant to miss those layups so I could get more rebounds"". The time he airballed an layup backwards, was that also intentional?"
nba,2024-10-17 15:54:44,iankstarr,"[Highlight] Bam denies the lob attempt, then finds Jimmy with a pinpoint full court pass for the easy 2 (with replay)","**Replays/alternate angles**


*I am a bot, and this action was performed automatically. Please [contact the moderators of this subreddit](/message/compose/?to=/r/nba) if you have any questions or concerns.* || I remember Jeff van gundy said we always talk about offensive ‚Äúbags‚Äù but Bam is that on defense.¬† || Very nice, long and accurate one hand pass. || Nothing like pulling down the defensive board and launching a dime all the way down the court for an easy bucket || Idk y trae young always tries to throw lobs against bam. It never works"
nba,2024-10-17 15:50:26,heatup3,Tyler Herro admires Wemby‚Äôs length before catching himself,"Makes you pull things out 

Finish over him

His length is impressive. 

Dude, what about the girth?!?! || Talking about finishing over him too, sheesh. || finish the story, fuck,  I'm almost there. || Pause sir || lol hell nah"
nba,2024-10-17 15:50:11,Mysterious-Try9104,(Ben Pfeifer) Why Franz Wagner is worth every penny of His $224 million contract,"Perhaps it's a distinction without a difference, but I'd say he's worth the gamble rather than being worth the contract. || Honestly reminds me of Jaylen's first contract. Its a bet a guy can turn into an all star, even if he isn't there yet. 

Truth is, the Magic aren't going anywhere if Franz isn't a real #2 anyways. If he's worth the deal, then they are a contender. If he isn't worth it the contract, who cares, they aren't going to be competing anyways without a real #2. Doesn't seem like the size of the contract will really make a big impact to me || 
His perimeter shooting has been poor long enough that this isn‚Äôt just a bad stretch. The magic had to do it, but this is a risky contract and let‚Äôs not pretend that it‚Äôs worth every penny yet. || So if he turns around the atrocious shooting he'll be worth it... ok? üòê || He could easily be. But there is no reason to do this deal now. Like if he can't shoot then he's not worth the max and he was unable to shoot last season and at the Olympics.

Plus you peg yourself at a super high number for the Suggs extension too.

Like if you managed to shave even 5 mil per year off of Franz, you can probably shave another 5 mil off of Suggs. That's a big deal when Paolo might be all-nba and get a 30% max deal."
nba,2024-10-17 15:41:46,Fast_Feedz,All time nba dunk contest,"VC, lavine, Blake, Jr smith || Nique, MJ, Kemp, Vince || Are they no longer teaching the Human Highlight Film in schools? || Jordan, Dr. J, Nique, and the first NBA dunk contest winner, Larry Nance, who had the highest socks.  For some old school representation || Vince, Gordon, Lavine, Mclung"
nba,2024-10-17 15:09:18,howser343,[Chicago Bulls] Transactions: We have waived Onuralp Bitim & Kenneth Lofton Jr. Thank you for your hard work and best of luck.,NBA players get laid off in public¬† || Kenneth Lofton Jr is probably the most confusing prospect to me. I only ever hear about him for one of two reasons: Amazing highlight or he was randomly cut from a team. I wonder what his deal is? || nooo not Snack Randolph || Say hello to the THT Bulls || Not my man Onuralp man :/
nba,2024-10-17 14:54:19,Substantial_Buy1986,Why do they speed up the highlights.,on TV?  Youtube?  X?  What? || Take your finger off the screen when you watch a highlight on here || Why is everything always blamed on young people? || Imagine how fast they look live || They‚Äôre not sped up? Maybe you‚Äôre seeing them in a higher frame rate than you‚Äôre used to so they feel faster?
nba,2024-10-17 14:15:49,Wonderful-Photo-9938,Why Making a Top 10 Players List now different than making a Top 10 list 20-30 years ago?,"This fucking sub is going so meta, it's folding in on itself. Now we're going to have discussions on how discussions about subjective rankings should be conducted.

Meanwhile 95% of the users have no idea what a flare screen is. || It‚Äôs different because ‚Äújournalists‚Äù get paid for getting a lot of clicks, accuracy isn‚Äôt the goal, controversy is || These were definitely the exact same discussions in lists made in the 2000s.


The Lebron v. Kobe debates were incredibly toxic for online basketball discussion, but majority of lists still had Kobe as the best player in the league in the late 2000s because he was winning in the playoffs.


Dirk went from top 5 lock to not mentioned at all after the 2007 disaster of being swept as the 1 seed in his MVP season.


Really wasn't that much different if you were actually on realGM/inside hoops forums in 2008. || For every Kawhi injury discussion there have been similar ones about amare stoudemire, Antonio mcdyess, Chris webber, grant hill, penny hardaway, arvydas sabonis.¬†


If we look at playoff failures: for every embiid discussion there is one about Tracy mcgrady. Hakeem didn't get out of the first round for 5 straight years end 80s/begin 90s... || True on the injuries part, which seems to be two factors.  Guys seem to get injured more now, but they also seem to be more able to recover back to near peak.  Most injury prone players in previous decades would just be washed out of consideration."
nba,2024-10-17 14:11:36,Fit-Structure-9395,Tyler Herro on sharing a backcourt with Terry Rozier ‚ÄúWe both believe we‚Äôre one of the best backcourts in the league. ‚Äù ,"Top 30. || The good thing is in within a few weeks we will all see who is wrong and right. 

So many people are saying it won‚Äôt work but even though it‚Äôs just preseason this is easily the best the offense has looked in the Jimmy era. Team is playing much faster, getting way better looks (shots at the rim and open threes, not long twos), and moving the ball. Plus this is the most excited I‚Äôve seen Spo about the backcourt since probably the Dragic trade. || Folks here probably finna shit on him as if he supposed to say ‚Äúhonestly Scary Terry and I are pretty mid, i wouldn‚Äôt call us scary‚Äù¬† || I wouldn‚Äôt call the Heat title favorites or anything but frankly this sub and NBA media have been trying to bury them for the last five years so I don‚Äôt think the players or staff should give a fuck about what the public think of them considering how consistently they‚Äôve been wrong || Anything is posssssssssible"
nba,2024-10-17 13:36:54,Evilsj,"[Charania] Thunder say Isaiah Hartenstein suffered a small, non-displaced fracture in his left hand in Tuesday‚Äôs preseason game in Denver and will be re-evaluated in five-to-six weeks.",Damn hate to see this for my guy. He was a good iron man for us || I wonder if it was from that block on Braun || No JWill and Hartenstein. Man that is rough || Get em out now rather than later in the year || damn
nba,2024-10-17 13:06:45,Mechaultima,ESPN‚Äôs Top 10 players in the NBA: ,"Can‚Äôt believe LeBron is a top 10 player at 67. Up, up, and away || Anthony Edwards has never reached league average efficiency, how is he top 10 lol || LeBron been a top 10 player since James Naismith was in diapers || Saying Luka is #2 because of *defensive* improvements after what we all watched in the Finals is kinda funny, even if he was banged up. || I feel like I‚Äôm taking crazy pills. What has SGA done to leapfrog Tatum and others? Is it just the same media frenzy that got Ant in these conversations?"
nba,2024-10-17 12:30:38,Darrkman,How Josh Hart could take Knicks‚Äô offense from really good to great,"Article spends a ton of words saying Hart is a cutter and that can be helpful offensively. No substantive backing either, just one long winded description of a single play || This article is NBA hipster heaven || he needs to be a high screen and roller (ala Draymond Green) to be truly effective, thats what we did last year when Randle went down

The problem is now we have KAT, and in the preseason it appears we prefer to run the Brunson/KAT action and leave Hart in the corner || He‚Äôs terrible scorer. Dude has no touch || There are like 5 other guys on the Knicks who have more of a chance of moving the offense from good to great"
nba,2024-10-17 12:26:03,SliMShady55222,Jimmy is Scary Terry v22,Huh? || Who‚Äôs Scary Terry v21? || What does this mean || I swear he even copied his shooting form lol || Jimmy was cosplaying as Rozier yesterday.
nba,2024-10-17 11:51:35,Wonderful-Photo-9938,Top 5 MVP Race Finishes (Power Forwards Edition),"> Karl Malone, even with his off court issues, was very good as a Player.

Gotta make sure everyone knows you find Malone deplorable when you compare him favorably to other PFs. || Words cannot express the love and gratitude I have for that man. Thank you Timmy for giving is 5 championships || 1989-1990 was one of the closest mvp races || Duncan, Dirk, Giannis, KG, Barkley. 

Thats my top 5. || Why‚Äôs KG having more top 5 mvp votes than Dirk a surprise"
nba,2024-10-17 10:43:21,xc2215x,Ben Simmons Facing Backlash From NBA Fans For Missing 76ers Game,"Y‚Äôall remember when Sports Illustrated was a legit publication?

Now we get this nonstory || It was a pre season game? Who the fuck cares lol. || SI facing backlash for making a shitty article || How is this news? || Did he though? Some tweets. At the game, I don't even think I heard anyone mention him or yell at him. It's just a shrug of situation with how his last few seasons have gone."
nba,2024-10-17 08:35:21,Oceanic_Press,Thoughts on Moses Moody?,"Moody is a passable defender. Doesn't have a defensive specialty Ala GP2. His offense is solid. Doesn't have a go to attribute. Not a high volume 3 point guy, not the best cutter, okay handles, alright finishing. He's not a playmaker, and an eh passer. Not a big rebounder, or charge taker, not too many stocks. Hes not screening away anyone. He's solid. 

The problem he has on the warriors is that the guys playing in front of him do at least 2 things he can't, or do it to his level or better.

Podz has a playmaking advantage that we need off bench, charges, and takes care of the ball. Melton shoots better, and defends better, and can run pnr. Hield shoots and scores (baby klay). Anderson is a big, but playmaking and defense along with a steadying presence is paramount. Looney has defense, rebounding, and efficiency.

He's probably ahead of gp2 just because of injury and situational play. Waters is new, May not look the same in season. Moody has the best chance to leapfrog Hield, because he does defend better. That's the only way I see him really cracking into the rotation though, unless JK or Wiggs are traded.

He's a dull Swiss army knife missing a piece. || I thought he was a steal for the Warriors when they drafted him, but things haven't seemed to click since. Maybe if he had been drafted by a tanking team and got a lot of minutes he would have panned out better, but it looks less and less like he'll reach his full potential in Golden State. || Moody didn't shoot well when given the chance, but he can do a lot other things the same time. He is not ahead of Milton or Hield at the 2 spot, and he is not really leaping over Wiggs or Kuminga because Moody can't guard POA as well. Unless someone becomes unavailable or they play really small lineups, Moody's minutes will depend on matchups. At this point, just trade Moody and let the man get his bag pls. || I think his role will be the same behind a mic of Wiggins/Podz/Hield || He looks like an 8-man rotation player in this league, and will probably peak at replacement level starter.

Just seems so wildly inconsistent, too slow, and not particularly great at anything."
nba,2024-10-17 06:12:52,hkmagiccarrier,"Ex-Laker Yi Jianlian allegedly solicits prostitute, scandal erupts with leaked photos and ID","Ty Lawson got banned for posting pics with a stripper in China lol. || Maybe he is a little nasty üò§ || 2 consenting adults exchanging goods and services || ""Oh, my God, that's disgusting! Naked pics online? Where? Where did he post those? "" - Mac || Yi is very good behavior customer, good enough to let prostitute take a picture of his ID

Joke aside

He paid her/him or whatever  1500 USD, which is very generous in China

Really not big deal"
nba,2024-10-17 05:08:32,Legal_Brush_9091,"[HIGHLIGHT] 3-year-out Lonzo Ball finds himself in the same situation as Ben Simmons, but has enough ball to let him know Donte DiVincenzo isn't Trae Young.","**Replays/alternate angles**


*I am a bot, and this action was performed automatically. Please [contact the moderators of this subreddit](/message/compose/?to=/r/nba) if you have any questions or concerns.* || Weird headline ngl || /r/titlegore || This title is so bad you should delete your account and try again on a new account. || Trainwreck of a title"
nba,2024-10-17 04:53:57,Wonderful-Photo-9938,Kobe Bryant: Do you think he should have gotten more than 1 MVP?,"Hell no, he wins zero outside of LA. || He should've gotten less than 1.

Chris Paul should've been MVP in 2008 but voters thought Kobe was long overdue whereas Chris Paul was just a 3rd year player || No || as a Kobe fan, Chris Paul had that 2008 in the bag but you know, it was overdue for Kobe.

Kobe absolutely deserved that 2006 MVP, dragging that shit Lakers team to the playoffs and almost won against Nash and the Suns. Nash stole that one. || He deserved 0."
nba,2024-10-17 03:41:15,OpportunityChance175,Why is Nate Duncan disliked in the NBA community? ,"Gonna be honest, I don‚Äôt think I‚Äôve heard Nate Duncan‚Äôs name brought up here since like 2018. || Didn't realize he's disliked. I don't hate him, but the last time I truly tried to listen to his podcast (I gave it like the entire 2021(?) season) he came off super smug and his voice was something my ears didn't enjoy.

Just not my cup of tea. In similar vein it's also why I don't really care for Russillo. Duncan (and Russillo, for that matter) obviously put in the work and know their shit tho. But there's other outlets for knowledge whilst also not grating to the ears and possibly even entertaining. To each their own. || I mean if you are an avid listener you should know that he comes across as smug and arrogant. It‚Äôs not about being cold or calculated it‚Äôs just that he does not know how to communicate in a way that is not grating. 

I listen to both but Lowe has a pleasant attitude and does not come across sanctimonious like Nate and Danny. || the word that instantly comes to mind is pompous. To me he's one of those types that, yes they're fairly smart, but they speak in a manner that leads people to believe they know more than they actually do. 

Many times he will state things authoritatively that are simply not true. I could be biased because he was a huge Jokic hater, but there he was: a man speaking with *certainty* that Jokic would never win. That type of stuff just makes you take their words with a lot of salt and makes you question how open-minded they even are in the first place || he is kinda smug and that isn't very fun to listen to"
nba,2024-10-17 03:40:26,No_Entertainment9368,"Lonzo Ball looked really good today, considering he hasn‚Äôt played in over two seasons","I‚Äôve always liked Lonzo. He got a bad rap coming out of college because his dad couldn‚Äôt shut his mouth, but Lonzo himself seems pretty humble and down to earth. He realized he wasn‚Äôt going to be a superstar so he molded his game to be an elite 3 and D role player. || he was Balling || Wishing him nothing but success and good health || yea, SAS is talking out of his ass‚Ä¶

Why do they have to fire Lowe, 

One of very few ESPN talk heads left with a brain || You sayin he cute?"
nba,2024-10-17 03:34:08,nba,"[Highlights] Lonzo Ball (10 PTS, 4/6 FG) has an efficient performance in his first game in 1,006 days.","**Replays/alternate angles**


*I am a bot, and this action was performed automatically. Please [contact the moderators of this subreddit](/message/compose/?to=/r/nba) if you have any questions or concerns.* || he took all the lakers media hate, rebuilt one of the worst shots in the league from scratch and then came back after 3 years of unjuries. Hes got some heart || Moved a bit gingerly but it was clear his skills were still there. The shooting was still there and he did a little bit of everything too. || Feels like he just knows how to play || He was definitely taking it easy, but he moved a lot better than I expected. Hope he can stay healthy and make a comeback."
nba,2024-10-17 03:13:17,Currymvp2,The Origins of Hakeem Olajuwon‚Äôs ‚ÄúDream Shake‚Äù,
nba,2024-10-17 03:08:57,Brady331,Jared McCain hit his head and had the wind knocked out of him from a fall while battling for a rebound. Nick Nurse said postgame that he went to the hospital to get checked out,"Shout out to the refs for stopping play almost immediately || Getting the wind knocked out of you sucks and he looked like he got it as bad as you can get it || Scary as hell!

I hope that he is alright! || Definitely looks like his head bounced off the floor. Likely looking for a concussion and doing X-rays on his torso. Looked like he was coughing more so than gasping which is a little concerning. Not sure if he just got the wind knocked out of him or something worse. || The Twitter comments on this are sick"
nba,2024-10-17 03:04:05,SamURLJackson,Magic coach Jamahl Mosely told the team practice ends early if Franz Wagner can hit half court shot on one attempt. Money.,"this is cute and all, but imagine he keeps hitting them and the Magic just never practice? Lottery pick season incoming || Magic fans already calling for Mosely to be on the hot seat for this season || Let's see if he starts hitting 3's during games this season. That's what'll really impress me, because that would take him to borderline All Star level in the East. || Loving this team's vibes‚Äîand a Magic/Knicks playoff series would be 10/10 || but then they can just give him the ball in games and he keeps shooting"
nba,2024-10-17 02:50:29,legendaryboss14,If Kobe and Shaq stayed together how many rings would they have won?,"How would they win 8 or 9 rings when Shaq was clearly declining slowly every year? Also you can't ignore the general grind and exhaustion from a 3 peat. || the West was so good back then so it's hard to really know but the probability of them winning the 05,06,07, and possibly 08 championships would've been high but I'd say an extra championship (one) would've been the most realistic in the timeline || 1.¬† It's very unlikely they win in 2005 by beating the same Pistons team that they lost to decisively the year before.¬† 2006 would be their best chance as I'd still peg the Spurs to win in 2007.¬† If Shaq stays then the Lakers aren't getting Pau during the following season.¬† And with Shaq's decline being in full swing by then, you'd put the Spurs at number one in the West and give the Lakers little chance against the top dogs from the East (especially Boston) if they are able to make the Finals. || 4-5

They already had lost in 2003 and 2004 with them together and Shaq was only going to decline after that, I could see them getting another one, maybe two  but nothing‚Äôs guaranteed || 1-2 more than what they got together most likely. same as what they ended up with imo."
nba,2024-10-17 02:33:38,iksnet,Anthony Edwards tonight in a loss to the Bulls: 16 points on 6-23 shooting (3-16 from three),His legacy was on the line tonight || This is what happens when you go against Josh Giddey and his hair üò§ || Bro took 16 threes in preseason? Why lmao || He's just bronny with a green light || How can this be MJ‚Äôs son??
nba,2024-10-17 02:23:50,MajorPhoto2159,Lonzo Ball in his return vs Minnesota: 10/1/1 on 4/6 shooting in 15 mins,"Couldn‚Äôt be happier man‚Ä¶ seeing him flourish in Chicago only to worry his career was over. I‚Äôm rooting for this guy with all my heart. || FINALLY.

[IT'S ABOUT THAT TIME](https://www.youtube.com/shorts/pr98y20xFng) || He looked great, kinda shocked. Thought his career would be done. || Lonzo is the prototypical point guard  especially for the current NBA || A healthy Lonzo is near all star lvl player.

Great passer.

Great defender.

Great shooter.

The only weaknesses he has IMO is penetration."
nba,2024-10-17 02:22:36,RVAIsTheGreatest,Do you think the Timberwolves can/will finish with a top 10 offense?,"probably just outside of top 10 || I think relying on 37 year old Mike Conley as your primary playmaker/ballhandler is a dangerous game, and there are some pretty serious spacing issues with Conley being the only good shooter. Divencenzo is good, but are you going play him, Mike, and Ant at the same time?

Also Randle is a bad fit on paper. We‚Äôll see if they can figure it out. The grizzlies used Steven Adams to bulldoze the lane open, so maybe Gobert can do that. Randle can actually pass pretty well too.

I would expect somewhere in the 8-15 range || Offense did not look great tonight tbh, but they certainly have the personnel to do it this year || I think we could but it‚Äôs unlikely. Ant Naz DDV and Randle are all well above average offensive pieces and Conley is still a good leader || If Randle returns to All NBA form then yes. But I think Conley and Rudy are getting a bit older so it's too much pressure on Ant and Randle"
nba,2024-10-17 02:21:48,Legend-WaitForItDary,[Highlight] Sabrina with a logo 3 to take a 2-1 lead in the finals,"**Replays/alternate angles**


*I am a bot, and this action was performed automatically. Please [contact the moderators of this subreddit](/message/compose/?to=/r/nba) if you have any questions or concerns.* || What a crazy shot to win a game in the finals, legendary stuff || Ionescu is a bad mfer! || Was hoping this would get posted here, what a fucking shot

A near-logo deep game winner to get within 1 game of the championship. Game winners don‚Äôt get much better than that. || Needed a Mike Breen Bang! on that shot"
nba,2024-10-17 02:21:42,surprised_panda,Sabrina Ionescu calls game in Game 3 of the WNBA Finals,"‚ÄúThat‚Äôs a bad shot‚Äù vibes || The shot was fucking mean, but honestly the move the create the space for the shot was just as mean. And talk about deep range. Baller. Fearless.

She could be struggling going into the final two minutes of a game but Sabrina is always gonna back herself in the clutch to win for her team and make the shots that count. That's the mentality of a winner and a champion. || I'm upset. || Was hoping this would get posted here, what a fucking shot

A near-logo deep game winner to get within 1 game of the championship. Game winners don‚Äôt get much better than that. || Lillard over PG type shit"
nba,2024-10-17 02:19:49,King_Thirteen,Josh Giddey in the win vs Minnesota: 4/3/9/4 on 1-11 shooting in 28 mins,"9 assists and 3 blocks was solid but he was the only +/- negative for the Bulls starters because he couldn‚Äôt make a bucket || But did you see his hair? || i cant believe you assholes gave OKC caruso for this || He's gonna have to be a much better finisher going forward, way too many missed bunnies at the rim today. The game is there but the dots haven't fully connected yet. || His only offensive bag is a running no look layup/floater. Everytime Giddey drives to the basket almost gave me a heart attack last season. üò≠"
nba,2024-10-17 01:57:04,CazOnReddit,In Hindsight or At the Time:  The Bucks should have found a 3rd team to trade Jrue Holiday to before trading for Damian Lillard?,"I said it at that time, that they should have done the whole move in one go, to make sure they didn't strengthen a fellow Eastern contender. Sure enough, that's exactly what happened. 

In hindsight, nothing would've saved them last year as Giannis went down, but it could haunt them this year if that matchup occurs. || In hindsight absolutely since he took their biggest competition across the finish line. But even if they had done that there is no guarantee that the third team wouldn't have done a deal later too || I read a Windhorst piece on this where he revealed that the Blazers insisted on sole control over Jrue ended up, knowing they had leverage with Giannis potentially growing restless. Jrue didn't want to go to the Knicks or Pacers, who made offers with more than the two picks and two swaps that Boston offered.

If the Bucks had a say, they'd have preferred to send Jrue to the Clippers, and Portland would receive the package of picks and expirings ultimately sent out for Harden. || The Blazers literally gifted Jrue to Boston for nothing || I think Jrue knew he was going to go to the Celtics before he was traded to Portland. He had said that he was going to retire when his contract was up. The Bucks may have known as well but could do nothing about it if they wanted Dame."
nba,2024-10-17 01:51:29,ToeJelly420,[Highlight] Patrick Williams finishes strong over Gobert,"**Replays/alternate angles**


*I am a bot, and this action was performed automatically. Please [contact the moderators of this subreddit](/message/compose/?to=/r/nba) if you have any questions or concerns.* || I‚Äôve seen enough, bulls to win the championship lock it in || I swear if this guy was allowed to stink it up as a number 1 or 2 option for a season he‚Äôd have developed so much better. He needed freedom for his feel and confidence to develop

I still believe in him even tho it seems like there are very few believers left. He‚Äôs still a good defender and shooter at the minimum. And he has the flashes of everything else. Just needs the consistency‚Ä¶ || this guy needs to go ahead and take a BIG leap this season if Zo is back and Lavine is locked in this year. || Pat was one of those guys who suffered from the lack of direction after Zo went down. He spent 90% of games sitting in the corner occasionally getting a good shot or making a cut that got waved off so DeMar could iso. I loved DeMar when he played here, but his style did not match basically anyone else on the team and they needed a floor general to ensure the ball didn't stick in his hands.

Pat should look to cut way more this season and his shooting ability should help open up driving lanes like it did here. He's not going to ever be an All-NBA level guy but his game now has no excuse not to be a major focus of the team."
nba,2024-10-17 01:34:58,The_Big_Untalented,Judge in Michael Jordan's father's murder trial asks for the convicted killer's release,"Helping your friend move a dead body is the dumbest shit I've heard. And then the guy blames you for pulling the trigger. I'm trying to find more on this friend though? Seems he's still in jail as well? So what's stopping him from coming clean || tldr; the judge found out the forensic analyst withheld information that would have disproven the key witness's (the other co-defendant) claim that the defendant shot James Jordan in his car.

So Green was likely involved in some way, but it wasn't the way prosecution argued and might've resulted in a lesser sentence.

What's odd to me is that the judge knew the analyst withheld the information for 3 decades, and is just writing this now. || Our judicial system is a fucking joke || Wtf... || Green should be getting millions in damages. Where's Kim when she's needed"
nba,2024-10-17 01:34:46,herbjonesmybeloved,[Highlight] Lonzo Ball nearly jumps into the bench to save the ball from going out of bounds!,"**Replays/alternate angles**


*I am a bot, and this action was performed automatically. Please [contact the moderators of this subreddit](/message/compose/?to=/r/nba) if you have any questions or concerns.* || Lonzo's looking surprisingly good || This mfer is back || Guy just plays winning basketball || Love it. Lonzo hussle for the most Zach Lavine shot possible."
nba,2024-10-17 01:18:59,CazOnReddit,[Highlights] Recently retired Raptors Legend Aron Baynes has one of the funniest sequences in basketball:  1. Shoots the ball backwards | 2. Can't touch the ball due to risk of a double dribble call 3. Ends up getting the ball off of Tobias Harris | 4. A slam dunk,"**Replays/alternate angles**


*I am a bot, and this action was performed automatically. Please [contact the moderators of this subreddit](/message/compose/?to=/r/nba) if you have any questions or concerns.* || so hilarious guarding a loose bouncing ball. boxing the ball out || Wild sequence.

It's good to know he is okay after suffering a career-threatening spinal cord injury during the Tokyo Olympics.

He then continued to play professional basketball for two more years in his home country, Australia. || Classic Embiid too || There is so much AFL action going on here from Baynes it's hilarious. Protecting space with his body to keep the ball loose for a teammate to get the clearance, making sure he kept his feet while his opponent jumped to the ground and effectively takes themselves out of the play, picking it up off the deck in motion. Love it big fella."
nba,2024-10-17 01:17:28,AmbivertAngel,"New to the NBA, looking for advice.","Missouri is right next to Oklahoma and OKC has a hell of a team this year. || Wnba being the gateway for the MNBA is wild.  Truly the dawn of a new era || Hey bud. Welcome among us! Let's break down your questions:

1. In order to watch the games, I'd suggest one of these, if not all of them

   - Streaming Services: NBA League Pass (for all games) or services like ESPN+, Hulu, or YouTube TV. Some games may also air on national TV (ESPN, TNT, ABC). Other streaming services do exist but I'm pretty sure we aren't allowed to promote them

   - Local Channels: Check local broadcasts for games, as many teams have regional sports networks.

   - Social Media & Highlights: YouTube, X (twitter), TikTok



2. Teams to Support

   Missouri doesn‚Äôt have an NBA team, but there are a few options you could consider:

   - St. Louis Hawks Connection: Though the Hawks relocated to Atlanta long ago, some Missouri fans still feel a connection to the Hawks.

   - Midwest Teams: You could support nearby teams like the Chicago Bulls or the Memphis Grizzlies.

   - Personal Preference: You might also like following certain players instead of the Teams



3. Best People/Players to Watch for Learning the Sport

   Watching a mix of star players and role players will help you learn different aspects of the game.

   - Stephen Curry (Golden State Warriors): Best shooter in NBA history, great for learning about shooting mechanics and spacing.

   - LeBron James (Los Angeles Lakers): Excellent all-around player with great basketball IQ, can teach you a lot about team play.

   - Nikola Jokiƒá (Denver Nuggets): The reigning MVP (2023) and an incredible passer and playmaker, especially for a big man.

   - Giannis Antetokounmpo (Milwaukee Bucks): Known for his relentless defense and attacks on the rim. His versatility is key to understanding modern basketball.



This should help you dive into the NBA season with more context! Have fun. || Plot twist - Caitlin Clark has brought in new NBA fans as well.

JK. Op welcome to the NBA and happy to have you on board. || [Thinking Basketball](https://www.youtube.com/@ThinkingBasketball/videos) is a good place to get some deeper knowledge of whats going on.  He talks about a lot of stars in the league there.  You can watch his analysis of last years finals - Celtics vs Mavs.  Those both would be good teams to follow as well.

Lots of interesting teams though, I'm a Denver fan.  Missouri unfortuantely doesnt have one."
nba,2024-10-17 01:02:38,MrBuckBuck,"[Highlights] Lonzo Ball with the steal and hustle off Julius Randle, after blocking him earlier as well (with replays)! The Bulls' commentators are delighted!","**Replays/alternate angles**


*I am a bot, and this action was performed automatically. Please [contact the moderators of this subreddit](/message/compose/?to=/r/nba) if you have any questions or concerns.* || Whatever that surgery was, I imagine it's about to become a lot more popular. || Lavine wanted to get in the clip lol || If Lonzo is healthy and a contributor again I‚Äôll be so sad we traded Caruso away. Those 2 were legendary turnover generators/POA defenders on the court at the same time.

So fun to watch them wreak havoc || Kawhi better be calling Lonzo's doctor rn"
nba,2024-10-17 00:58:22,EternallyEuphoric,[Highlights] Jimmy hits a 3 at the halftime buzzer!,"**Replays/alternate angles**


*I am a bot, and this action was performed automatically. Please [contact the moderators of this subreddit](/message/compose/?to=/r/nba) if you have any questions or concerns.* || Has he changed his form again? || Jimmy Roizer || Wtf Jimmy got some VC I see || Fuck me are the Heat fun this year???"
nba,2024-10-17 00:50:08,MrBuckBuck,[Highlights] Lonzo Ball with the assist and a 3-pointer soon after.,"**Replays/alternate angles**


*I am a bot, and this action was performed automatically. Please [contact the moderators of this subreddit](/message/compose/?to=/r/nba) if you have any questions or concerns.* || He is 2/2 from the field (2/2 from 3) || Zo looks good || til THT is on the bulls || he just got a deflection and dove into the bench to save it. he is here to play"
nba,2024-10-17 00:30:22,Knightbear49,"[Hine] Chris Finch said Naz Reid has a shoulder ‚Äúimpingement‚Äù and won‚Äôt play tonight. Said it‚Äôs the team being cautious, nothing serious.","Naz Reid || Is our season over already || I love how impingement is in quotes, like it's a made up word or something || DNP - Preseason || Bloody good rep"
nba,2024-10-17 00:29:57,MrBuckBuck,"[Highlight] A replay of Lonzo Ball's corner 3, and Zach LaVine goes to congratulate him soon after.","**Replays/alternate angles**


*I am a bot, and this action was performed automatically. Please [contact the moderators of this subreddit](/message/compose/?to=/r/nba) if you have any questions or concerns.* || i know the NBA doesn‚Äôt have comeback player of the year but what are his chances for most improved? || He just made another one ‚Ä¶2/2 from three üôèüôèüôè || AND HE JUST DID IT AGAAAAAAAAAAAAIN 

EVEN DEEPER THIS TIME || He doesn‚Äôt look like he‚Äôs missed any time at all"
nba,2024-10-17 00:23:40,MrBuckBuck,[Highlight] Lonzo Ball first bucket in years! A corner 3-pointer - nothing but net!,"**Replays/alternate angles**


*I am a bot, and this action was performed automatically. Please [contact the moderators of this subreddit](/message/compose/?to=/r/nba) if you have any questions or concerns.* || He‚Äôs moving smooth nothing too crazy so far though in terms of intense running. That shot looked good, and they go on a quick run after he checked in. Bulls really look different when he‚Äôs on the court. Zach Lavine happy as hell he hugged him right after the 3 üòÇ || Crying in the club rn || His first shot attempt too

Welcome back Zo || Stephen A Smith You Balding Bitch"
nba,2024-10-17 00:23:37,MrBuckBuck,Lonzo Ball subbed in after years without playing.,"Wishing him health. All that money it‚Äôd be way too easy for somebody to walk away rather than fight back through that. Dude wants to ball! || I have to admit, i was not a believer, that he would be a legit player in the nba again.

I thought he might get minutes just as a farewell maybe, but looks like he might be an actual player for the bulls. || Shit'll put a smile on your face || Steven A Smith needs to stick to Magic the gathering || How this guy survived his dad let alone the injuries he‚Äôs had is remarkable"
nba,2024-10-17 00:22:03,OrangeMonkE,[Highlight] Yabusele steals the inbound and slams it down with 6/10ths of a second remaining in the first half.,"**Replays/alternate angles**


*I am a bot, and this action was performed automatically. Please [contact the moderators of this subreddit](/message/compose/?to=/r/nba) if you have any questions or concerns.* || Pretty cool watching him play his way back into the league || hope he balls out this year || Went from dunking on an anonymous player in the Olympics to this, salute || The guy plays with energy, you can‚Äôt deny it."
nba,2024-10-17 00:20:38,MrBuckBuck,[Highlight] Julius Randle drives to the rim and dunks it as a Timberwolves player! On his debut in the preseason.,"**Replays/alternate angles**


*I am a bot, and this action was performed automatically. Please [contact the moderators of this subreddit](/message/compose/?to=/r/nba) if you have any questions or concerns.* || I already love this man || He looks good in a Wolves jersey. Excited to watch him remind people how good he can be. || Randle looking good, miss him already || Ant and Randle are going to be the bash bros; beware when Minn comes to town."
nba,2024-10-17 00:15:56,Wonderful-Photo-9938,Players That I expect to have a All Nba leap this season,"The other question is ""which players that made all-nba last year won't make it this year"".¬†¬†
Kawhi seems like a lock to play less than 65 games.¬†¬†
AD had his healthiest season since '20.
Lebron will turn 40, KD and Curry will turn 36.
There will probably be at least one serious injury to a random player not mentioned above. || Sct Brn || Tyrese Maxey maybe? There‚Äôs a bunch of good guards though || ESPN has odds on making 1st-team all-nba but not odds to make any all-nba team. I couldn't find those odds anywhere else either. At ESPN the players with best odds to make 1st team that haven't made an all-nba team before are Wemby (T-11th best odds), Bam (17th), Paolo + Zion (T-22nd), Cade (26th), Sengun (T-28th), LaMelo + Maxey (T-30th), Mobley (33rd), Ingram + Dejounte + Franz + JDub + JJJ (T-37th), Chet + Garland + Jalen Green + Markkanen + Mikal Bridges + LaVine (T-44th) || Embiid won‚Äôt hit 65 games. Wemby is a lock for at least 3rd team C"
nba,2024-10-17 00:14:25,MrBuckBuck,The Chicago Bulls bench showcase their gum collection. Lonzo Ball having one as well.,"This is why I F5 || Man got the jitters like crazy, that gum can't come quick enough. || Fist bump?

Nah I‚Äôll take the gum instead

(00:06) || Any sane person would be nervous || Lonzo looks nervous"
nba,2024-10-17 00:12:19,Chelseatilidie,[Highlight] The Bulls displaying a missing KAT sign during the Timberwolves's introductions ,"**Replays/alternate angles**


*I am a bot, and this action was performed automatically. Please [contact the moderators of this subreddit](/message/compose/?to=/r/nba) if you have any questions or concerns.* || I'd like to nominate Benny the bull as  playa' hater of the year || I hate that we are in the west‚Ä¶ || LMAO This is filthy || What‚Äôs the reward for finding the missing KAT"
nba,2024-10-16 23:51:08,MrBuckBuck,"[Highlight] Tyrese Maxey throws the alley-oop pass and two Sixers go for it (with a replay). Kelly Oubre Jr. ends up with the dunk, having fun with KJ Martin afterward.","**Replays/alternate angles**


*I am a bot, and this action was performed automatically. Please [contact the moderators of this subreddit](/message/compose/?to=/r/nba) if you have any questions or concerns.* || The Drummond Special!¬† || ‚ÄúFuck it someone‚Äôs up there‚Äù - Maxey Prob || This is going to be a fun and exciting 10th seed team || Ive watched that clip so many times i automatically started laughing when these two jumped"
nba,2024-10-16 23:15:20,RVAIsTheGreatest,How surprised would you be if the Houston Rockets won 48 games?,"I‚Äôll kill myself if the rockets don‚Äôt win the championship || I‚Äôm kinda with Simmons on this, he said you could talk him into 35 wins or 50 wins for this team || I'd be surprised but it's in the range of outcomes. They're extremely deep, well coached, and have talented youth, three key factors for regular season success. || Pretty surprised. They've got talent, but they're also a young team and the West is loaded this year || The West is so deep man, you have like 12 good teams! I think Steven Adams being healthy for them will be massive though."
nba,2024-10-16 22:50:31,Proof-Umpire-7718,"[Issa]: From what I‚Äôve heard, it seems like the Kings are not done making moves after this Doug McDermott signing. Zach LaVine or Brandon Ingram is still a goal of theirs.","Fox/DeRozan/Ingram/Murray/Sabonis is an 80s lineup but without the defense || Zach Lavine and derozan on the same team would be amazing, we‚Äôve never seen a pairing like that before || yeah, they should add ingram. 

i‚Äôve been saying that the only thing missing from a fox/sabonis/derozan trio is a ball-dominant wing who operates primarily in the mid-range || This is so dumb and random that I believe it || No clue who Mat Issa is. I don't believe this report at all"
nba,2024-10-16 22:38:35,LatinX_Ally,[Highlight] Draymond showing his defensive IQ still elite. Sees the corner flare screen intended to draw him away from paint and still blows up the Lakers lob attempt,"**Replays/alternate angles**


*I am a bot, and this action was performed automatically. Please [contact the moderators of this subreddit](/message/compose/?to=/r/nba) if you have any questions or concerns.* || Did anyone ever think Draymond suddenly didn‚Äôt have elite defensive IQ? That‚Äôs like 70% of what he brings to the table. 

And that‚Äôs also never something that goes away. Athleticism does, but the sports brain remains (getting suspended because you keep physically attacking other players, notwithstanding). || This is one of the reasons why Draymond and the coaching staff want him at the 4 this year. He is still an elite help defender and wouldn‚Äôt have to take the burden of guarding the opposing team‚Äôs center for 82 games. || Definitely Good IQ by Green but a bad decision as well by Russel. Should have seen if he could pass it in the corner or done a bailout pass back to the wings or elbows. 
But good IQ beats bad IQ haha || AD should've dropped it off to Rui but instead after Rui screened he decided to just begin to walk back instead of getting a potential scoring opportunity."
nba,2024-10-16 22:29:41,Goosedukee,"[MacMahon] [The civil lawsuit involving Pacers' head coach Rick Carlisle] been ‚Äúresolved to the satisfaction of both parties‚Äù and a dismissal is forthcoming...The lawsuit contended that Carlisle owed former agent Jarinn Akana $400,000 in unpaid commission.","All that money, but he can't buy a timeout. || Rick makes $7.5 mil per year || [deleted] || [deleted] || I wonder if the Head Coach of an NBA team will get as much hate for stealing money as an injured basketball player"
nba,2024-10-16 22:27:39,instantur,Who is your favorite bench warmer of all time?,the answer is boban always || Hard to beat Scalabrine for Bulls fans at least || #THANASTY || jamario moon || Haliburton during the Olympics
nba,2024-10-16 22:16:35,RVAIsTheGreatest,Fred VanVleet----underrated impact player. ,"bro not even a rockets fan he wrote this for the love of the game || The reason he's ""underrated"" is his contract, and his finishing ability.

At the end of the day, he commanded the max, but hes not a player you can expect to be your franchise top dog 30ppg player. 

I've watched less of him in houston, but his main problem on the raptors was that he was an unreliable crunch time finisher. combination of being an undersized guard that can't force his way to the basket, didnt have a floater package. Makes it hard to buy a basket in end of game iso situations. || Definitely dont think the guy with the nickname Steady Freddy is underrated || Agreed, I‚Äôd consider him the second best rocket and somewhere in the top 15 point guards which seem to be hot takes these days || Dude seems to go off against the nuggets.  A dude we wish we had"
nba,2024-10-16 22:02:23,lopea182,[Pompey] Nets guard/forward Ben Simmons is not playing tonight vs. the Sixers.,"[you don't say](https://i.imgur.com/DY3GyQU.jpeg) || Are you serious man? I was so hype.. || How Ben Simmons like of him || Surprised he would duck the situation. Very, very unlike him to fold in the face of adversity || Do we have a new ""Embiid ducks Jokic"" meme?"
nba,2024-10-16 21:39:10,Neckrolls4life,"Wembanyama on the best players, ‚ÄúIn a good way, some of them are really impressive and inspiring in the way they approach the game every night. But others that I used to like, now it‚Äôs like I‚Äôm just not sure they deserve it. Like they don‚Äôt seem like they put as much work in as I thought.‚Äù ","Shaq's going to take this personally || That's a lot of talk for a 1 year player

They're gonna break you in half now lmao || Talking about whether great players deserve it when you‚Äôre born with his physical gifts is just so ridiculously tone deaf, I‚Äôm sorry lol

Like yeah I know he‚Äôs a hard worker but you‚Äôre not some Muggsy Bogues success story dude. || How many times is this gonna get reposted lol || Wemby is so real for this, can‚Äôt believe people are getting their panties in a bunch over it"
nba,2024-10-16 21:39:01,dfykl,Aron Baynes has retired  ,Props to him for coming back at all to play in the NBL after that spinal cord injury he had. That sounded like a brutal injury. || all of australia || Worked hard and didn't give a shit about getting dunked on. Fucking loved the way this dude went about it. || Sad seeing him retire but I'm just happy he's still up and moving after that back injury. || Baynes 3s were what I lived for
nba,2024-10-16 21:35:21,Objective-Singer7626,2019 NBA FINALS (View and MVP),"If your father was a woman, would he have big jugs? || If Klay had wheels he'd be a bicycle || Gsw had almost no shot of winning even if klay doesnt get hurt as long as kds out lol. 

No klay wasnt close to finals mvp. At all. The raps blew gsw out the few games klay did play while gsw needed miracle wins the 2 wins with klay || Klay would not have won FMVP
Klay: 26/5/2
Steph: 31/5/6
Klay also had already missed a game even before he got injured. If Klay missed 0 games I think the Warriors probably win even without KD. But Steph was still better that series || What Kanye West said when he won that award"
nba,2024-10-16 21:08:05,ChiRaider2,What underrated players will break out this season?,"I don‚Äôt know what constitutes a ‚Äúbreak out,‚Äù but I‚Äôll predict Tre Mann proves he‚Äôs a legit sixth man. || Vince Williams Jr arguably already broke out but he will be getting shouts for All-Defense this year if the Grizzlies can stay healthy. The gap between him and Herb Jones is smaller than people think. And I am high on Herb. || Deuce McBride 6th man of the year || Julian Champagnie

I doubt he becomes as good as Danny Green but their careers have mirrored a lot so far || Nikola Jovic. He should be getting consistent starter minutes this season and it looks like some of his potential is being realized"
nba,2024-10-16 20:22:33,RVAIsTheGreatest,Jordan Hawkins---breakout candidate?,"Is there enough balls to go around to break out there? || i don‚Äôt think defense is ever gonna be there but coming out of college i genuinely think he was one of the best motion shooting prospects i‚Äôve scouted. I think there is genuine JJ Redick potential if he can get stronger and a bit more efficient with the amount of dribbles he does take. || I tend to agree. I don‚Äôt know why he doesn‚Äôt get more time or Luke Kennard doesn‚Äôt get more time.

The answer is ‚Äúdefense‚Äù of course, but a poor defender isn‚Äôt going to allow their assignment to shoot 40% from three like these guys will do on the other end. || Sure, but it doesn‚Äôt seem like the opportunities are there for him unless he really balls out. CJ /Murray will be getting majority of the minutes at 1 & 2, so that‚Äôll leave him like 20 minutes per game at most and then he has to compete with guys like Jose/Herb who are better defenders. || Gonna be tough. Even with Murphy out he‚Äôs what, 5th in the pecking order at best ?"
nba,2024-10-16 20:10:11,Renegadeforever2024,"CJ McCollum Drops Game 7 Franchise Record! | May 12, 2019","Nobody can take this game from him. One of the best playoff performances || Absolutely legendary performance, CJ was on one that whole series but in this low scoring game 7 he was the offense for Portland for long stretches, especially in the first half. Also has the second best clutch chasedown block by a player from Ohio in a game 7. || I miss this team || Very specific request but does anyone have that clip of Mark Jackson saying ""Mama, there goes that man"" during a replay of CJ McCollum as This is What You Came For was playing in the background? It was from this playoff run and was such a cold moment. || Dame in this game: 3/17 from the field"
nba,2024-10-16 19:55:55,Fit-Structure-9395,"Jimmy Butler says basketball isn't his greatest skill "" The greatest domino player in the world... Is myself.""","The top like 3000 dominoes players in the world are all definitely incarcerated. Those dudes don't do anything else lol. || Self belief is a superpower by those who can wield it properly || I consider myself pretty decent at card games and table top games etc but one time I was in the Bahamas and was staying on the diving side of the island which was mostly locals and away from the resorts. Every night at the local little bar these dudes would bring out dominos and would just destroy me. It was so much fun though and I eventually got a little better but could just never keep up speed wise with the locals at all. 

Such a fun game and it's so funny how as a kid in America we just stacked them up to knock them over but never actually learned the game. || I know far too many West Indian uncles for this to be true¬† || Imagine having the job title of ‚ÄúJimmy‚Äôs Barista‚Äù"
nba,2024-10-16 19:39:51,Fit-Structure-9395,Shaq believes the Milwaukee Bucks should be considered the favorites to win the championship,"Shaq hates the Celtics because he's seen the Celtics Shaq meme || Shaq: I got Milwaukee

Cohost: *Doc Rivers*

Shaq: Understandable have a nice day || Shaq is just hate bait at this point. No difference between him and Skip || he also said Bol Bol is better than Wembenyama.  His opinions arent worth the oxygen they use. || Would anyone actually be surprised if the bucks happened to be healthy and had a good run?"
nba,2024-10-16 19:36:46,Goosedukee,"[Scotto] Montrezl Harrell has agreed to a deal for the rest of the season with the Adelaide 36ers, agent Darrell Comer of 
Tandem told Hoops Hype. The former NBA Sixth Man of the Year has become an NBL standout, averaging 15.7 points on 55.6% shooting, 10.3 boards and 1 block at age 30.","crazy to win a big award like sixth man of the year and then be out of the league before you‚Äôre 30 || [Montrezl Harrell will be eligible to sign with an NBA team ahead of the playoffs and will be a name to watch as the NBL season progresses.](https://x.com/MikeAScotto/status/1846618386048188720) || I didn't realize he's only 30 || So his first name is pronounced *Montrez*. Anyone else think the L at the end of his first name is one of the strangest placements for a silent letter?

Or did his parents want to name him *Montreal*, but someone at the hospital messed up? || Bro was literally nothing without Lou Williams"
nba,2024-10-16 19:31:56,nosotros_road_sodium,NBA Commissioner Adam Silver reflects on his op-ed calling for change to sports betting a decade ago,"By that logic, if people are going to stream the NBA illegally, you might as well give them a way to stream the NBA teams they want to. || >  I think, as I said at the time, with the advent of the internet, widely available sports betting online ‚Ä¶ that we had to deal directly with technology and recognize that if we don‚Äôt legalize sports betting, people are going to find ways to do it illegally.‚Äù

Well yeah, but vastly more people do so when it‚Äôs not only legal but incredibly easy to access to anyone with a vaguely modern smartphone, which is damn near everyone. 

Doesn‚Äôt help that not only is sports betting plastered in every other advertisement, and in every talking head show on every network, but it also happens during the actual sport in question, and even in the fucking *commentary* sometimes. 

We‚Äôre absolutely inundated with this garbage and it‚Äôs ruining lives and even resulting in verbal abuse and death threats towards certain players who didn‚Äôt produce enough for the degenerate gamblers.

This rant brought to you by Draft Kings. || ""I've been wanting to make more money for years!""

- Adam Silver || Oh, so this is *your* fault. || Thank you Adam Silver for giving the Worst People You Know new and arguably worse personalities after the crypto/NFT fad ended"
nba,2024-10-16 19:16:18,Objective-Singer7626,(What if) Klay 2020-21 Achilles injury,"I think they‚Äôd need to make some sort of trade at the deadline to bolster the roster but they‚Äôd have a very good chance of winning the west || Curry was so fucking good in 2021, I think I would agree. But this is only because the Clippers also lost Kawhi. If no team got injured, I'd take the Clippers in the West for 2021 and obviously the Nets overall. || If everyone was healthy I‚Äôd say they have like a 40-50% chance of beating the Clippers and Nets, and like a 50-60% chance of beating the Bucks and Suns. So no way to know really but I‚Äôd think they‚Äôd be in the mix for sure || r/warriors || Yep, the only threat would be the suns that year‚Ä¶ I give the warriors the edge"
nba,2024-10-16 19:06:42,Justin_FieldsisElite,Pick between Paolo Banchero and Lauri Markkanen for next season,"One problem with Lauri is his health. He hasn‚Äôt played more than 68 games in his career.

In general it‚Äôs kind of hard to compare them though. They have completely different play styles and depending on the team one would be better than the other. As an Orlando fan I‚Äôm glad we have Paolo rather than Lauri. || Paolo def as a 1 option. 

Lauri is the perfect 2/3 option though. Efficient scorer, good shooter, great off ball and great rim finisher || naz reid || Lauri || Lauri a negative playmaker but he absolutely clears as a scorer and playfinisher"
nba,2024-10-16 19:00:12,SliMShady55222,MJ vs VC - The greatest finishers in NBA history,"Fucking legends. That was fun to watch. Thanks for posting it. || This edit is *wayyyy* too cold for the original not to be linked in the post somewhere. It has the feel of Maximillion but I don't know for certain. || MJ always looks like he‚Äôs literally floating when he‚Äôs attacking the rim. Shits insane, still haven‚Äôt seen anything like him watching his highlights from 30-40 years ago || Carter was flashy like MJ but the two are in different stratosphere as finishers when one views his overall efficiency at the rim || MJ just flys man"
nba,2024-10-16 18:38:27,ArmVanDam,"[Charania] Free agent F Doug McDermott has agreed to a one-year deal with the Sacramento Kings, sources told ESPN. McDermott is a career 41 percent 3-point shooter and joins the Western Conference playoff contender for his 11th NBA season.","I actually thought this would happen a year ago

I remember he was a very good fit with sabonis in Indiana and his shooting presence can be a big impact since he‚Äôs finally on a team with a playmaker || Get ready to learn how to Light the Beam buddy || Obviously not the big move that was mentioned some on twitter was coming but it is a solid move. The 3 ball has been a little bit of a question going into the season. McBuckets is gonna let it fly.

He was fantastic shooting with the Spurs, bad with the Pacers. I think he'll get back to it with the Kings. Fits the system well. || I feel like I was just watching this dude rip it up at Creighton and now he‚Äôs in year 11? 
I‚Äôm tired man. || Sabonis & Dougie McBuckets reunion lets goooo"
nba,2024-10-16 18:36:46,Kimber80,"[Collier] Bulls' Lonzo Ball, playing 1st game since 2022, 'full of joy'","I don‚Äôt know if we were contenders with Lonzo (we probably weren‚Äôt), but the DeBallZach Bulls were at least incredibly fun to watch || Im so glad he was able to make it back, can‚Äôt imagine, especially he really came into his own before everything initially went bad || nothing better than joyful Balls || I love Lonzo Ball || Not sure if contenders or pretenders, but wasn‚Äôt that group the #1 seed in the East for a bit?"
nba,2024-10-16 18:31:59,lndngtm,"[Haynes] Sources: Phoenix Suns center Jusuf Nurkiƒá (finger) who hasn‚Äôt played this preseason, plans to make his debut in Thursday‚Äôs preseason finale against the Los Angeles Lakers.","Lakers are playing 3 preseason games in 4 days.. is that normal? || Book seems ready to play too. Gonna be nice to see the full strength Suns and important for them to get some reps in before the season. || I don't know how or when, but Draymond is 100% somewhere right now about to take that personally || Happy that Nurk is gonna be playing. He‚Äôs dealt with numerous rough injuries in his career. Miss him in Portland! || ADisney is shaking"
nba,2024-10-16 18:31:06,AashyLarry,[Highlight] Victor Wembanyama attacks Bam Adebayo 1-on-1,"**Replays/alternate angles**


*I am a bot, and this action was performed automatically. Please [contact the moderators of this subreddit](/message/compose/?to=/r/nba) if you have any questions or concerns.* || our defense was fiending yesterday, cp3 had like 7 turnovers. spurs at 14 turnovers at the half and most of them caused by the defense || BAM is like an industrial water pole, you not moving it. Wemby not ready for that lmao || In the first tier of modern defensive players with Dray AD Jrue and Gobert. This dude actually built different || Bamonte became one of my favorite players during the Olympics, hope to see him shine and the Heat to go far!"
nba,2024-10-16 17:53:44,RVAIsTheGreatest,Who do you think the Warriors should start next to Steph Curry and Draymond Green?,"I genuinely think it could change game to game. The best possible lineup would be either 

Steph/Melton/Wigs/Kuminga/Draymond     
OR. 
Steph/Wiggins/Kuminga/Draymond/TJD. 

The issue for the first one is they don‚Äôt want Draymond playing too many minutes at center, but maybe it could work as the closing lineup.

The issue with the second is the spacing, which could maybe be fixed if Kuminga improves, Draymond‚Äôs shooting last year stays, and Wiggins reverts back to his form a few years ago || I feel like the warriors best bet for the first third of the season is showcasing a player they‚Äôd like to trade in the starting line up. || Three copies of GP2 || I scrolled and scrolled and scrolled...  nobody's mentioned Moses Moody?  I thought this was gonna be his breakout year (again) || 1- Steph

2 - Melton (or if they feel experimental with Wiggs at the 2 like last night) 

3 - Wiggs or Kuminga (depending if Kuminga's shot can carry over + improvements defensively)

4 - Draymond

5 - Trayce Jackson-Davis should be the 5 because they rather have Draymond be able to play the free safety and have a rim protector behind him

Kerr already said that Buddy is likely coming off the bench so the bench units have shooting. Podz is likely going to be slated as the backup PG with Kyle Anderson providing additional playmaking"
nba,2024-10-16 17:52:17,symmetra,Interesting coincidence - Jabari Parker and his father Sonny Parker have the exact same career high in points in a game - 36,"Jabari was supposed to be the next one, man. || Portland‚Äôs Jabari Walker and his father, Samaki Walker, have the same career-high for assists in a game with 5. They also have the same career-high for fouls in a game with 6 || I thought that was Wiggins || Oh wow that's a good one! Glad one of them didn't get seven fouls so they remained the same || TIL didn‚Äôt realize Jabari is Samaki‚Äôs son, interesting"
nba,2024-10-16 17:45:59,Shumonyu,Thinking Basketball on Derozan's stint in Toronto(Thinking Basketball Podcast #288),"Lowry was the engine on those teams and the best player. || One thing that often isn't mentioned regarding those bench units for Toronto is that, while great in the regular season, they were pretty dogshit in the playoffs. I don't have the numbers, but having watched them at the time, it really felt like Kyle and Demar had to carry those rosters offensively during the postseason.

Like, seriously, go back and look at those rosters. There was no consistent 3rd option to take pressure off of Kyle and Demar, at best there was JV, but he rarely played up to that status in the playoffs. Those 2 really had to carry a massive load offensively, and teams were able to focus on them much more as a result. Nobody was scared of a Patrick Patterson three, I can tell you that (30% 3pt shooter in their longest runs).

That being said, was Demar an All-Star? I don't think you could've removed him from the team and still had a league average offense, unless you expected Kyle to drop 40 a night. Considering they were a 50+ win team and got the 1 seed, I think it'd be pretty ignorant to downplay Derozan's contributions, despite the advanced stats. He certainly was All-Star caliber in SA and Chicago, so I don't think there's much debate there.

Edit: Regarding plus-minus, I won't deny that it doesn't present Demar in the best light. That being said, at a certain point you have to take your eyes off the numbers and be practical about the game itself. Who else on that team (collectively or individually) could've added another 25+ ppg? How would that scoring load have translated to the playoffs, considering that they already underpeformed without that responsibility? I don't think it would've ended well; a 5-8 seed and first round exit at best.

Edit 2) Seriously, look at the bench's numbers during the 15-16 playoffs, their longest as a team. Nobody played well that postseason, not one 3pt shooter over 33% minus James Johnson (who shot less than 1 a game), not one player in double digit scoring, the vast majority shot below 40% from the field, etc. Demar and Kyle's numbers don't look good, but that's because nobody cared about the other 12 guys on the roster. || This is silly, all it‚Äôs saying is he‚Äôs accurately rated as a guy who is very good but not good enough to win a championship playing on a team with a critically underrated point guard and depth that was elite. Nobody thinks that‚Äôs not who he is. But the plus minus stuff is downright brain dead the bench was better compared to the people they played against than Derozan was compared to the people he played against. However critically Derozan was playing against much better players than the bench units.

Also Derozan and Lowry were incredibly important to setting the culture and mentoring young guys to improve year over year. We‚Äôve seen that culture lost (still worth it for the championship) since their departure. || Not every fart needs to be sniffed‚Ä¶

eta- apparently this is a ‚Äúcontroversial‚Äù opinion and there are enough people who think that every fart *does* need sniffing.  That‚Äôs just poor time management‚Ä¶ || For the people who think on-off or plus minus means nothing find me another perennial all-star player that is consistently making their teams worse when he is on the court over a five year or six year stretch. The fact that  people are so dismissive of this data when he is pretty much making all of the lineups he's on consistently worse over a large sample through his time in Toronto is crazy to me. 

It's crazy how strong people's preconceived notions are, people aren't even open to the possibility that he might not be as good as his accolades or scoring numbers suggest he is during that stretch."
nba,2024-10-16 17:38:39,Mechaultima,DeMarcus Cousins doesn‚Äôt think the Lakers are 'Serious' about winning after drafting Bronny James,"I don't even think Lakers fan believe in Bronny lol ||  I don‚Äôt either || None of this would matter if Bronny was treated like the 58th pick, but he‚Äôs not.

Edit: since some of y‚Äôall seem confused, my comment has no ill intent behind it. Please stop bullying Bronny under my comment. || It‚Äôs not about winning. They know they didn‚Äôt have the cap flexibility, trade assets, or anything to make winning moves. At least know they can roll with marketing and ticket sales. || The Lakers aren‚Äôt serious about winning because there‚Äôs no path for them to be a top tier contender this year. The 55th pick is irrelevant."
nba,2024-10-16 16:35:40,howser343,[Johnson] Lonzo Ball: ‚ÄúWe‚Äôre going to have to manage it all year. That‚Äôs just the reality of it.‚Äù Ball said he‚Äôs on a 16-minute restriction tonight. Said he‚Äôs ‚Äúfull of joy‚Äù to be playing.,"Hoping for that Shaun Livingston arc from Lonzo || Could be one of the most impressive comebacks of all time honestly, odds are against him for sure || I hope zo can stay healthy man. He‚Äôs such a hard worker || I think it's safe to say, he has everybody's support. I'm genuinely happy for him. || He's already dealing with soreness but that's expected considering this is the most load on the knee since the injuries. Gonna take a bit to get back into a swing of things I'm sure. Just taking the court again is a win.

It took Livingston a few years after his return to find his mojo and he bounced around a lot. Lonzo's transition ability was a big part of his game when he was around so let's see if that's something he can recapture."
nba,2024-10-16 16:35:06,Fit-Structure-9395,"Gilbert Arenas on how Steph Curry's early contracts helped GSW win championships ""Dynasties are made off bad contracts...Because he signed a bad deal at the beginning, it created a back-end dynasty.""","I don't think Steph thought that contract was a bad deal. Neither did the GM.

Gil means signing a cheaper contract to give the team financial capacity to be further strengthened. He's wording it in a strange manner and then getting frustrated lol || Stupid take. Steph wasn‚Äôt an mvp caliber player yet and was coming off b2b injury plagued season. 

Curry was happy to sign it as no one knew what was gonna happen with his ankles. 

It was a good deal for him and the org at the time. Then he blew up and they took advantage of the cap space they had due to the deal. || Nobody with self-respect should listen to anything Gilbert Arenas says. || So why didn't GA win a chip? Contract so bad they changed the rules. || Michael Jordan owes his 6 championships to Scottie Pippen egregiously fumbling his bag, bc Krause would have broken them up a lot sooner if Scottie was paid like an all star."
nba,2024-10-16 16:25:36,Fit-Structure-9395,Jeff Teague talks about Derrick Rose sparing him by NOT dropping 50 PTS,"Jeff Teague is so secure with himself. I appreciate his stories and candor lol || Has every guard in his era killed Jeff Teague at least once? Or it's just studs like DRose, Steph, Kai || Ma wake up, new Jeff Teague dropped.

It's insane. I get a big smile on my face whenever I come across a new Jeff Teague story. I hope he keeps the same energy when he gets to national media. || D rose was so fun to watch in his prime || love me some JET"
nba,2024-10-16 16:23:41,AashyLarry,"[Bam Adebayo] on what makes a DPOY: ‚ÄúFor me, it‚Äôs getting stops‚Ä¶ Who can guard their yard? That‚Äôs 1-5, that‚Äôs in zone, that‚Äôs in whatever coverage your coach puts you in, you can excel in that coverage. That, to me, is the DPOY, but the media has different opinions ‚Äî they look at steals and blocks.‚Äù","Why is he in full uniform for a podcast appearance? || I‚Äôm just here to say I enjoyed AD/Bam locking things down during the Olympics || I agree. So does Thibs. Joakim Noah for example ... if you look at his basic STOCK stats they're not that impressive, but he won DPOY and was an elite defender for years because he iced every pick and roll, could switch on to anybody and help contest any shot inside the 3 pt line (anchor the best defense in the league basically). This also applies to prime Kevin Garnett. || mj complained about the opposite problem in the 80s.  he wanted them to just count his steals and blocks and let that be the deciding factor.  stats. || so gobert is the dpoy then cause he doesn't really get steals or blocks but gets stops by simply existing in the paint"
nba,2024-10-16 16:08:01,LaandheereKage,The Ringers updated top 100 players in the NBA: 1) Nikola Jokic 2) Luka Doncic 3) Giannis Antetekounmpo 4) Shai Gilgeous Alexander 5) Joel Embiid 6) Jayson Tatum 7) Stephen Curry 8) Kevin Durant 9) Anthony Davis 10) LeBron James 11) Anthony Edwards 12) Jalen Brunson 13) Devin Booker,"Ringer rankings are so much better than espn 

They have jdub and chet flipped rightfully with jdub ahead || Am I crazy for not hating this list? || Well this list is better than the one ESPN has released so far..but that‚Äôs not saying much. || Pascal gotta get some respect man || A permanently injured Kawhi at #18 is criminal negligence. The idea of a healthy Kawhi on your team might be nice but he just isn't healthy anymore."
nba,2024-10-16 15:59:49,RyanTannegod,Kevin Porter Jr 18 points 6 assists vs Mavericks,"Dont know if I should appreciate or hate that you skipped ballhoggloves ad || Clippers truly desperate to bring this guy in.

Even putting aside the domestic abuse, he's always been a head case in general and likely to cause locker room issues. || He's a fantastic shot creator and leverages that to make plays for others.

The Clippers really needed someone with his skill set. Even more with the Kawhi situation. Playing in Cali, best team and a professional environment. Think it should be a positive for KPJ. || Don't forget this guy beat his girlfriend I hope he will be out of the league soon we don't need thoses guys || Probably the best contract in the league for this year at 2.2M."
nba,2024-10-16 15:47:46,MrBuckBuck,"Tyler Herro is distracted by a brawl breaking out in the crowd and then starts laughing about it, during a postgame interview on the court. The fight started just after the preseason game between the Heats and the Spurs. Warning: Violence and cuss words in the footage.","Getting arrested at a preseason NBA game is crazy work. || Some Heath Ledger Jokers scrapping || They were arguing if Bam is a 4 or a 5 || Is it weird that out of the 4 of them, I don't know who is fighting who? || I don't want to stereotype but when you hear about a fight in the stands at a sporting event in Florida and they show the clip and it's literally the island boyz, it's hard to resist."
